id;name;street_address;postal_code;city;state_province
1;approach Keyboard HTTP;Credit;Colorado systems payment;Zoraton;Fantastic SAS
2;Operative secondary Guadeloupe;Plastic Future;optical Oklahoma;Jaskolskiberg;hacking Supervisor Chips
3;Soft;Cotton;network iterate Stand-alone;Morissetteburgh;Metal
4;SMS infrastructure;feed Delaware;backing;Kochview;exploit indexing Ergonomic
5;Berkshire Squares;Concrete;Shoes parse Gorgeous;Carmichael;Tactics
6;world-class virtual;Costa ADP regional;Cliffs Caicos Virginia;Grantbury;blue auxiliary
7;parsing card needs-based;end-to-end fresh-thinking Networked;Director;South Johathanton;navigating Music
8;Assistant Berkshire;Toys;Account Dynamic;East Raqueltown;Ergonomic Computer
9;envisioneer;Savings;Maryland architectures;Hermantown;Shirt
10;Credit grey;Bedfordshire Palladium Throughway;National Tenge drive;Urielview;Representative Account
